PERS;Juan
PERS;Alvaro
LUG;Torrejón
ORG;Cybercamp
ORG;2016
OTROS;León
ORG;2015
LUG;Madrid
PERS;Richard
PERS;Matthew
PERS;Stallman
LUG;Manhattan
LUG;Nueva
LUG;York
ORG;Emacs
ORG;Proyecto
ORG;Iniciativa
ORG;Activismo
ORG;Derechos
ORG;Publicaciones
ORG;Véase
LUG;Ciudad
PERS;Alice
PERS;Lippman
PERS;Daniel
ORG;Centro
ORG;Científico
LUG;Fortran
ORG;S/360
ORG;Universidad
ORG;Rockefeller
LUG;Rockefeller
ORG;Física
ORG;Harvard
ORG;Laboratorio
ORG;Inteligencia
ORG;Artificial
ORG;Instituto
ORG;Tecnológico
OTROS;Massachusetts
ORG;-RRB-
ORG;Symbolics
LUG;Symbolics
OTROS;Usenet
ORG;Unix
ORG;-LRB-
ORG;Free
ORG;Software
ORG;Foundation
ORG;Licencia
ORG;Pública
PERS;Linus
PERS;Torvalds
ORG;Linux
PERS;Acuse
PERS;Dios
ORG;Iglesia
ORG;Ignucio
OTROS;Activismo
LUG;Wikimanía
ORG;Copyright
PERS;Virtual
PERS;Debian
PERS;GNU/Linux
LUG;GNUPedia
ORG;Wikipedia
LUG;Puno
PERS;Mahatma
PERS;Gandhi
ORG;Corporation
LUG;Kerala
ORG;Windows
LUG;Venezuela
ORG;PDVSA
PERS;Hugo
PERS;Chávez
ORG;Consejo
ORG;Asesor
ORG;Telesur
ORG;India
ORG;Abdul
ORG;Kalam
PERS;Ségolène
PERS;Royal
ORG;Ecuador
ORG;Rafael
ORG;Correa
ORG;Panorámica
OTROS;Visita
ORG;Nacional
OTROS;Colombia
ORG;Foro
ORG;Goiano
ORG;Libre
LUG;Brasil
ORG;DRMs
OTROS;Derechos
LUG;DRMs
ORG;Diseño
ORG;Sinde
ORG;También
ORG;Biblioteca
OTROS;Partituras
OTROS;Musicales
ORG;Universal
ORG;Edition
ORG;Stallman
PERS;Kindle
ORG;Amazon
ORG;Kindle
ORG;Blu-ray
ORG;Sony
PERS;George
PERS;Hotz
PERS;Imagen
ORG;Freedom
ORG;Crusade
ORG;Distinciones
ORG;-LSB-
ORG;Chalmers
ORG;Computer
ORG;Society
ORG;membresía
OTROS;MacArthur
OTROS;Foundation
LUG;Grace
LUG;Hopper
LUG;Award
ORG;Association
ORG;Computing
ORG;Machinery
ORG;Doctorado
ORG;Honoris
ORG;Causa
ORG;Royal
ORG;Institute
ORG;Technology
OTROS;Suecia
ORG;Pioneer
ORG;award
ORG;Electronic
ORG;Frontier
PERS;Yuri
PERS;Rubinsky
ORG;Takeda
OTROS;Glasgow
OTROS;Membresía
ORG;Academia
OTROS;Ingeniería
ORG;Estados
ORG;Unidos
LUG;América
ORG;Vrije
ORG;Universiteit
ORG;Brussel
OTROS;Perú
OTROS;Salta
OTROS;-LRB-
OTROS;Argentina
ORG;Tecnológica
ORG;Perú
ORG;Fundazione
ORG;Pistoletto
ORG;Entrevista
ORG;Premio
OTROS;Extremadura
OTROS;Conocimiento
OTROS;Libre
ORG;Junta
LUG;Badajoz
OTROS;Conferencia
OTROS;Software
ORG;Doctor
OTROS;Ángeles
OTROS;Chimbote
LUG;Perú
OTROS;Pavia
OTROS;Trujillo
ORG;Honorario
OTROS;Ciencias
OTROS;Lakehead
LUG;Canadá
ORG;canción
ORG;libre
ORG;MENÚ0
ORG;Canción
OTROS;Córdoba
ORG;César
ORG;Vallejo
ORG;Latinoamericana
ORG;Cima
OTROS;Tacna
PERS;José
PERS;Faustino
PERS;Sánchez
PERS;Carrió
ORG;Salón
OTROS;Fama
ORG;Concordia
ORG;System
OTROS;Artículos
PERS;Sussman
PERS;Gerald
ORG;Heuristic
ORG;Techniques
ORG;Computer-Aided
ORG;Circuit
ORG;Analysis
ORG;IEEE
ORG;Transactions
ORG;Circuits
ORG;Systems
ORG;Forward
ORG;Reasoning
ORG;Dependency-Directed
ORG;Backtracking
ORG;analysis
OTROS;Intelligence
ORG;EMACS
ORG;Extensible
ORG;Customizable
ORG;Self-Documenting
ORG;Display
ORG;Editor
LUG;Cambridge
LUG;Massachusetts
ORG;Intelligence
ORG;Laboratory
ORG;publication
ORG;Manual
ORG;Sixteenth
ORG;edition
ORG;Version
LUG;Boston
ORG;Press
PERS;McGrath
ORG;Roland
PERS;Smith
PERS;Paul
ORG;Make
ORG;Program
ORG;Directed
ORG;Compilation
PERS;Joshua
PERS;Free
PERS;Software
PERS;Society
ORG;Selected
ORG;Essays
PERS;-LRB-
ORG;Sueños
PERS;Williams
OTROS;Freedom
PERS;Véase
ORG;Código
PERS;Song
ORG;SLUC
ORG;Civil
PERS;Ignucio
